№,Наименование УГНС,Юридический адрес,Район и место
1,УГНС по Октябрьскому району,"г. Бишкек, 10-й микрорайон, 29",по Октябрьскому району г. Бишкек
2,УГНС по Ленинскому району,"г. Бишкек, ул. Ала-Арчинская, 71",по Ленинскому району г. Бишкек
3,УГНС по Свердловскому району,"г. Бишкек, Проспект Шабдан Баатыра, 4/1",по Свердловскому району г. Бишкек
4,УГНС по Первомайскому району,"г. Бишкек, ул. Киевская, 96Б",по Первомайскому району г. Бишкек
5,УГНС по Аламудунскому району,"Чуйская область, г. Бишкек, ул. Лермонтова, 35а",по Аламудунскому району Чуйской области
6,УГНС по Кеминскому району,"Чуйская область, Кеминский район, ул. Немцова, 29",по Кеминскому району Чуйской области
7,УГНС по Иссык-Атинскому району,"Чуйская область, Ысык-Атинский район, г. Кант, ул. Абдраимова, 72",по Иссык-Атинскому району Чуйской области
8,УГНС по Жайыльскому району,"Чуйская область, г. Кара-Балта, ул. Крупская, 16",по Жайыльскому району Чуйской области
9,УГНС по Московскому району,"Чуйская область, Московский район, с. Беловодское, ул. Зорге, 19",по Московскому району Чуйской области
10,УГНС по Панфиловскому району,"Чуйская область, Панфиловский район, г. Каинды, пер. Садовая, 7",по Панфиловскому району Чуйской области
11,УГНС по Сокулукскому району,"Чуйская область, Сокулукский район, с. Сокулук, ул. Фрунзе, 124",по Сокулукскому району Чуйской области
12,УГНС по Чуйскому району,"Чуйская область, с. Чуй, ул. Ветгородок, 3",по Чуйскому району Чуйской области
13,УГНС по Иссык-Кульскому району,"Иссык-Кульская область, Иссык-Кульский район, г. Чолпон-Ата, ул. Советская, 1",по Иссык-Кульскому району Иссык-Кульской области
14,УГНС по Ак-Суйскому району,"Иссык-Кульская область, Ак-Суйский район, с. Теплоключенка, ул. Пушкина, б/н",по Ак-Суйскому району Иссык-Кульской области
15,УГНС по Тонскому району,"Иссык-Кульская область, Тонский район, с. Боконбаево, ул. Атаканова, 63",по Тонскому району Иссык-Кульской области
16,УГНС по Жети-Огузскому району,"Иссык-Кульская область, Жети-Огузский район, с. Кызыл-Суу, ул. Манаса, 198",по Жети-Огузскому району Иссык-Кульской области
17,УГНС по Тюпскому району,"Иссык-Кульская область, Тюпский район, с. Тюп, ул. Элебаева, 51",по Тюпскому району Иссык-Кульской области
18,УГНС по г. Каракол,"Иссык-Кульская область, г. Каракол, ул. Торгоева, 57",по г. Каракол Иссык-Кульской области
19,УГНС по г. Балыкчы,"Иссык-Кульская область, г. Балыкчы, ул. Ю. Абдрахманова, 252",по г. Балыкчы Иссык-Кульской области
20,УГНС по Алайскому району,"Ошская область, Алайский район, с. Гульча, ул. Алымбек-Датка, 107",по Алайскому району Ошской области
21,УГНС по Чон-Алайскому району,"Ошская область, Чон-Алайский район, с. Дароот-Коргон, ул. Ч. Сулайманова, 115",по Чон-Алайскому району Ошской области
22,УГНС по Араванскому району,"Ошская область, Араванский район, ул. Ош-3000, 61",по Араванскому району Ошской области
23,УГНС по Баткенскому району,"Баткенская область, г. Баткен, ул. Н. Исанова, 30",по Баткенскому району Баткенской области
24,УГНС по Кара-Суйскому району,"Ошская область, Кара-Суйский район, г. Кара-Суу, ул. Кушбакова, 2",по Кара-Суйскому району Ошской области
25,УГНС по Лейлекскому району,"Баткенская область, Лейлекский район, г. Раззаков, ул. Кошмуратова, 5",по Лейлекскому району Баткенской области
26,УГНС по Ноокатскому району,"Ошская область, Ноокатский район, г. Ноокат, ул. С. Алимбаева, 20",по Ноокатскому району Ошской области
27,УГНС по Кара-Кульджинскому району,"Ошская область, Кара-Кулжинский район, с. Кара-Кулжа, ул. М. Алиева, 135",по Кара-Кульджинскому району Ошской области
28,УГНС по Узгенскому району,"Ошская область, г. Узген, ул. Ленина, 123",по Узгенскому району Ошской области
29,УГНС по Кадамжайскому району,"Баткенская область, г. Кадамжай, ул. А. Жалилова, 12",по Кадамжайскому району Баткенской области
30,УГНС по г. Кызыл-Кия,"Баткенская область, г. Кызыл-Кия, ул. 60-лет Кыргызстана, 3а",по г. Кызыл-Кия Баткенской области
31,УГНС по г. Ош,"г. Ош, проспект Масалиева, 98Б",по г. Ош Ошской области
32,УГНС по г. Сулюкта,"Баткенская область, г. Сулюкта, ул. И. Раззакова, 7/17",по г. Сулюкта Баткенской области
33,УГНС по Ак-Талинскому району,"Нарынская область, Ак-Талинский район, с. Баетова, ул. З. Ашырбаева, A28",по Ак-Талинскому району Нарынской области
34,УГНС по Ат-Башинскому району,"Нарынская область, Ат-Башинский район, с. Ат-Башы, ул. М. Омуракунова, 133",по Ат-Башинскому району Нарынской области
35,УГНС по Кочкорскому району,"Нарынская область, Кочкорский район, с. Кочкор, ул. Исакеева, 56",по Кочкорскому району Нарынской области
36,УГНС по Жумгальскому району,"Нарынская область, Жумгальский район, с. Чаек, ул. Э. Матыева, 125",по Жумгальскому району Нарынской области
37,УГНС по Нарынскому району,"Нарынская область, г. Нарын, ул. Ленина, 244",по Нарынскому району Нарынской области
38,УГНС по Сузакскому району,"Жалал-Абадская область, Сузакский район, с. Сузак, ул. Сатыбалды Палван, 108",по Сузакскому району Джалал-Абадской области
39,УГНС по Ноокенскому району,"Жалал-Абадская область, Ноокенский район, с. Масы, ул. Токтогула, 1",по Ноокенскому району Джалал-Абадской области
40,УГНС по Ала-Букинскому району,"Жалал-Абадская область, Ала-Букинский район, с. Ала-Бука, ул. М. Мамырбекова, 1",по Ала-Букинскому району Джалал-Абадской области
41,УГНС по Токтогульскому району,"Джалал-Абадская область, г. Токтогул, ул. Бекташов, 61",по Токтогульскому району Джалал-Абадской области
42,УГНС по Аксыйскому району,"Жалал-Абадская область, г. Кербен, ул. Т. Уметалиева, 146",по Аксыйскому району Джалал-Абадской области
43,УГНС по Тогуз-Тороузскому району,"Жалал-Абадская область, Тогуз-Тороуский район, с. Казарман, ул. Жээналиева, 56",по Тогуз-Тороузскому району Джалал-Абадской области
44,УГНС по Базар-Коргонскому району,"Жалал-Абадская область, Базар-Коргонский район, г. Базар-Коргон, ул. К. Култаева, 6",по Базар-Коргонскому району Джалал-Абадской области
45,УГНС по Чаткальскому району,"Жалал-Абадская область, с. Каныш-Кыя, ул. Т. Кошбаева, 118",по Чаткальскому району Джалал-Абадской области
46,УГНС по г. Жалал-Абад,"Джалал-Абадская область, г. Джалал-Абад, ул. Мамыр Батыра, 48",по г. Жалал-Абад Джалал-Абадской области
47,УГНС по г. Таш-Кумыр,"Жалал-Абадская область, г. Таш-Кумыр, ул. Ш. Сыдыкова, 17",по г. Таш-Кумыр Джалал-Абадской области
48,УГНС по г. Майлуу-Суу,"Жалал-Абадская область, г. Майлуу-Суу, ул. Ш. Сыдыкова, 34",по г. Майлуу-Суу Джалал-Абадской области
49,УГНС по г. Кара-Куль,"Джалал-Абадская область, г. Кара-Куль, ул. Сабирова, 23а",по г. Кара-Куль Джалал-Абадской области
50,УГНС по Таласскому району,"Таласская область, Таласский район, с. Кок-Ой, ул. Манаса, 96",по Таласскому району Таласской области
51,УГНС по Бакай-Атинскому району,"Таласская область, Бакай-Атинский район, с. Бакай-Ата, ул. Манаса, 103",по Бакай-Атинскому району Таласской области
52,УГНС по Айтматовскому району,"Таласская область, Айтматовский район, с. Кызыл-Адыр, ул. Ч. Айтматова, 7",по Айтматовскому району Таласской области
53,УГНС по Манасскому району,"Таласская область, Манасский район, с. Покровка, ул. Мукай-Аке, 12",по Манасскому району Таласской области
54,УГНС по г. Талас,"Таласская область, г. Талас, ул. Бердике Баатыра, 265",по г. Талас Таласской области
55,УГНС по г. Токмок,"Чуйская область, г. Токмок, ул. Гагарина, 75",по г. Токмок Чуйской области
56,УГНС по г. Нарын,"Нарынская область, г. Нарын, ул. Ленина, 244",по г. Нарын Нарынской области
57,УГНС по г. Баткен,"Баткенская область, г. Баткен, ул. М. Нургазыева, 15",по г. Баткен Баткенской области
58,ЦОП по г. Ош,"г. Ош, проспект А. Масалиева, 75",по г. Ош Ошской области
59,УГНС по работе с неучтенными товарами по г. Бишкек северному и южному регионам,"г. Бишкек, ул. Уметалиева, 41",по г. Бишкек
60,ЦОП по г. Бишкек,"г. Бишкек, ул. Ибраимова, 152",по г. Бишкек
61,УГНС по работе с косвенными налогами в рамках ЕАЭС,"г. Бишкек, ул. Уметалиева, 41",по г. Бишкек
62,УККН по г. Ош и Южному региону,"Ошская область, г. Ош, проспект Масалиева, 75",по г. Ош Ошской области
63,УГНС по контролю за субъектами СЭЗ Бишкек,"г. Бишкек, с. Чон-Арык, проспект Ч. Айтматова, 303",по СЭЗ Бишкек г. Бишкек
64,УГНС по контролю за крупными налогоплательщиками,"г. Бишкек, ул. И. Ахунбаева, 92/1",по крупным налогоплательщикам г. Бишкек
