Наименование УГНС,Email
Центральный аппарат,sti@sti.gov.kg
УГНС по Октябрьскому району,001oktbr@sti.gov.kg
УГНС по Ленинскому району,002lenin@sti.gov.kg
УГНС по Свердловскому району,003sverd@sti.gov.kg
УГНС по Первомайскому району,004pervom@sti.gov.kg
УГНС по центральному обслуживанию предпринимателей по г. Бишкек,994zopbish@sti.gov.kg
УГНС по контролю за субъектами СЭЗ г. Бишкек,998sezbish@sti.gov.kg
УГНС по работе с косвенными налогами в рамках ЕАЭС,996eaes@sti.gov.kg
УГНС по контролю за крупными налогоплательщиками по г. Бишкек и Северному региону,999ukknsvr@sti.gov.kg
УГНС по Государственному регулированию и контроля алкогольного рынка и оборота табачных изделий по г.Бишкек северному и южному региону,995alco@sti.gov.kg
УГНС по работе с драгоценными металлами,990dragmet@sti.gov.kg
УГНС по Панфиловскому району,011panf@sti.gov.kg
УГНС по Жайыльскому району,009jaiyl@sti.gov.kg
УГНС по Московскому району,010mosk@sti.gov.kg
УГНС по Сокулукскому району,012sokuluk@sti.gov.kg
УГНС по Аламудунскому району,005alamudun@sti.gov.kg
УГНС по Чуйскому району,013chuir@sti.gov.kg
УГНС по Ысык-Атинскому району,008isykata@sti.gov.kg
УГНС по Кеминскому району,007kemin@sti.gov.kg
УГНС по г. Токмок,058tokmok@sti.gov.kg
УГНС по Ак-Талинскому району,034aktalaa@sti.gov.kg
УГНС по Ат-Башинскому району,035atbashy@sti.gov.kg
УГНС по Жумгальскому району,037jumgal@sti.gov.kg
УГНС по Кочкорскому району,036kochkor@sti.gov.kg
УГНС по Нарынскому району,038narynr@sti.gov.kg
УГНС по г. Нарын,059naryng@sti.gov.kg
УГНС по г. Талас,057talasg@sti.gov.kg
УГНС по Бакай-Атинскому району,054bakaiata@sti.gov.kg
УГНС по Айтматовскому району,055aitmatov@sti.gov.kg
УГНС по Манасскому району,056manas@sti.gov.kg
УГНС по Таласскому району,053talasr@sti.gov.kg
УГНС по г. Манас,048manas@sti.gov.kg
УГНС по г. Таш-Кумыр,049tkumyr@sti.gov.kg
УГНС по г. Майлуу-Суу,050mlsuu@sti.gov.kg
УГНС по г. Кара-Куль,052karakul@sti.gov.kg
УГНС по Аксыйскому району,043aksy@sti.gov.kg
УГНС по Ала-Букинскому району,041alabuka@sti.gov.kg
УГНС по Базар-Коргонскому району,045bzkorgon@sti.gov.kg
УГНС по Ноокенскому району,040noken@sti.gov.kg
УГНС по Сузакскому району,039suzak@sti.gov.kg
УГНС по Тогуз-Тороузскому району,044tgtoro@sti.gov.kg
УГНС по Токтогульскому району,042toktogul@sti.gov.kg
УГНС по Чаткальскому району,047chatkal@sti.gov.kg
УГНС по центральному обслуживанию предпринимателей г.Ош и Ошской области,992zoposh@sti.gov.kg
УГНС по контролю за крупными налогоплательщиками по городу Ош и Ошской области,997ukknug@sti.gov.kg
УГНС по работе с неучтенными товарами по городу Ош и Южному региону,rnt@sti.gov.kg
УГНС по г. Ош,032oshg@sti.gov.kg
УГНС по Алайскому району,021alai@sti.gov.kg
УГНС по Чон-Алайскому району,022chalai@sti.gov.kg
УГНС по Араванскому району,023aravan@sti.gov.kg
УГНС по Кара-Кульджинскому району,028kkulja@sti.gov.kg
УГНС по Кара-Суйскому району,025karasuu@sti.gov.kg
УГНС по Ноокатскому району,027nookat@sti.gov.kg
УГНС по Узгенскому району,029uzgen@sti.gov.kg
УГНС по г. Баткен,060batkeng@sti.gov.kg
УГНС по г. Кызыл-Кия,031kizkia@sti.gov.kg
УГНС по г. Сулюкта,033suluktu@sti.gov.kg
УГНС по Баткенскому району,024batkenr@sti.gov.kg
УГНС по Кадамжайскому району,030kadamjai@sti.gov.kg
УГНС по Лейлекскому району,026leilek@sti.gov.kg
УГНС по Ак-Суйскому району,015aksuu@sti.gov.kg
УГНС по Жети-Огузскому району,017joguz@sti.gov.kg
УГНС по Тонскому району,016tonr@sti.gov.kg
УГНС по Тюпскому району,018tupr@sti.gov.kg
УГНС по Иссык-Кульскому району,014iskul@sti.gov.kg
УГНС по г. Каракол,019karakol@sti.gov.kg
УГНС по г. Балыкчы,020balykchy@sti.gov.kg
